Job Number,Status,Date Created,Time Created,Tenant Codename
700665,Hold,2025-05-22,08:41,echozulu
700757,Hold,2025-05-23,12:41,echozulu
700810,Hold,2025-05-26,10:35,echozulu
700997,Hold,2025-05-29,09:29,echozulu
701029,Hold,2025-05-29,12:38,echozulu
701276,Hold,2025-06-06,08:08,echozulu
701302,Hold,2025-06-07,07:48,echozulu
701437,Hold,2025-06-11,08:01,echozulu
701576,Hold,2025-06-14,09:18,echozulu
701609,Hold,2025-06-16,09:24,echozulu
701730,Hold,2025-06-18,12:04,echozulu
701797,Hold,2025-06-19,14:30,echozulu
701796,Hold,2025-06-19,14:25,echozulu
701822,Hold,2025-06-20,09:15,echozulu
701934,Hold,2025-06-23,19:15,echozulu
702096,Hold,2025-06-27,11:47,echozulu
702103,Hold,2025-06-28,09:53,echozulu
702120,Hold,2025-06-30,08:27,echozulu
702138,Hold,2025-06-30,09:21,echozulu
702151,Hold,2025-06-30,10:36,echozulu
702331,Hold,2025-07-03,17:00,echozulu
702397,Hold,2025-07-07,09:52,echozulu
702478,Hold,2025-07-08,12:10,echozulu
702513,Hold,2025-07-09,10:30,echozulu
702516,Hold,2025-07-09,11:02,echozulu
702666,Hold,2025-07-14,12:25,echozulu
702730,Hold,2025-07-15,11:59,echozulu
702780,Hold,2025-07-16,11:27,echozulu
702785,Hold,2025-07-16,11:59,echozulu
703148,Hold,2025-07-25,09:24,echozulu
703152,Hold,2025-07-25,09:46,echozulu
703164,Hold,2025-07-25,17:04,echozulu
703176,Hold,2025-07-28,07:57,echozulu
703298,Hold,2025-07-29,16:04,echozulu
703316,Hold,2025-07-30,10:14,echozulu
703506,Hold,2025-08-04,10:39,echozulu
703745,Hold,2025-08-11,10:37,echozulu
703757,Hold,2025-08-11,17:45,echozulu
703779,Hold,2025-08-12,13:50,echozulu
703782,Hold,2025-08-12,16:06,echozulu
703869,Hold,2025-08-15,08:12,echozulu
703900,Hold,2025-08-15,15:43,echozulu
703957,Hold,2025-08-18,15:16,echozulu
704077,Hold,2025-08-21,10:16,echozulu
704307,Hold,2025-08-27,11:46,echozulu
704426,Hold,2025-09-01,09:33,echozulu
704498,Hold,2025-09-02,11:31,echozulu
704512,Hold,2025-09-03,08:29,echozulu
704533,Hold,2025-09-03,11:16,echozulu
704639,Hold,2025-09-05,08:13,echozulu
704676,Hold,2025-09-06,11:37,echozulu
704686,Hold,2025-09-08,09:01,echozulu
704707,Hold,2025-09-08,11:28,echozulu
704716,Hold,2025-09-08,11:57,echozulu
704737,Hold,2025-09-08,14:04,echozulu
704814,Hold,2025-09-10,10:59,echozulu
704831,Hold,2025-09-10,12:45,echozulu
704871,Hold,2025-09-11,07:39,echozulu
704903,Hold,2025-09-11,11:46,echozulu
704918,Hold,2025-09-12,08:27,echozulu
704941,Hold,2025-09-13,08:28,echozulu
704959,Hold,2025-09-15,08:41,echozulu
704986,Hold,2025-09-15,10:40,echozulu
705018,Hold,2025-09-15,14:53,echozulu
705020,Hold,2025-09-15,15:37,echozulu
705057,Hold,2025-09-16,11:21,echozulu
705056,Hold,2025-09-16,11:20,echozulu
705076,Hold,2025-09-16,12:53,echozulu
705064,Hold,2025-09-16,11:53,echozulu
705072,Hold,2025-09-16,12:35,echozulu
705088,Hold,2025-09-16,14:17,echozulu
705108,Hold,2025-09-17,08:12,echozulu
705159,Hold,2025-09-17,15:24,echozulu
705169,Hold,2025-09-17,17:19,echozulu
705179,Hold,2025-09-18,08:00,echozulu
705192,Hold,2025-09-18,10:08,echozulu
705228,Hold,2025-09-18,15:28,echozulu
705233,Hold,2025-09-18,16:37,echozulu
705252,Hold,2025-09-19,08:07,echozulu
705253,Hold,2025-09-19,08:14,echozulu
705276,Hold,2025-09-19,13:49,echozulu
705280,Hold,2025-09-19,15:28,echozulu
705277,Hold,2025-09-19,14:09,echozulu
705339,Hold,2025-09-22,12:33,echozulu
705348,Hold,2025-09-22,14:13,echozulu
705356,Hold,2025-09-22,15:12,echozulu
705347,Hold,2025-09-22,14:04,echozulu
705370,Hold,2025-09-22,17:22,echozulu
705385,Hold,2025-09-23,09:00,echozulu
705391,Hold,2025-09-23,09:39,echozulu
705402,Hold,2025-09-23,10:19,echozulu
705414,Hold,2025-09-23,11:38,echozulu
705418,Hold,2025-09-23,11:54,echozulu
705431,Hold,2025-09-23,15:40,echozulu
705444,Hold,2025-09-24,09:48,echozulu
705439,Hold,2025-09-24,09:08,echozulu
705468,Hold,2025-09-24,12:29,echozulu
705493,Hold,2025-09-24,16:45,echozulu
705582,Hold,2025-09-26,12:08,echozulu
705609,Hold,2025-09-29,09:32,echozulu
705595,Hold,2025-09-29,07:58,echozulu
705630,Hold,2025-09-29,10:54,echozulu
705649,Hold,2025-09-29,12:03,echozulu
705662,Hold,2025-09-29,16:40,echozulu
705671,Hold,2025-09-30,08:48,echozulu
705693,Hold,2025-09-30,11:26,echozulu
705725,Hold,2025-10-01,09:19,echozulu
705748,Hold,2025-10-01,11:32,echozulu
705768,Hold,2025-10-01,16:29,echozulu
705778,Hold,2025-10-02,08:17,echozulu
705779,Hold,2025-10-02,08:37,echozulu
705782,Hold,2025-10-02,09:12,echozulu
705793,Hold,2025-10-02,10:37,echozulu
705826,Hold,2025-10-02,14:19,echozulu
705844,Hold,2025-10-03,08:11,echozulu
705847,Hold,2025-10-03,08:52,echozulu
705861,Hold,2025-10-03,15:04,echozulu
705910,Hold,2025-10-07,10:27,echozulu
705921,Hold,2025-10-07,11:26,echozulu
706001,Hold,2025-10-08,15:01,echozulu
706050,Hold,2025-10-09,14:13,echozulu
706056,Hold,2025-10-09,15:20,echozulu
706085,Hold,2025-10-10,10:09,echozulu
706108,Hold,2025-10-10,12:58,echozulu
706177,Hold,2025-10-13,15:39,echozulu
706186,Hold,2025-10-13,17:58,echozulu
706199,Hold,2025-10-14,09:45,echozulu
706206,Hold,2025-10-14,11:10,echozulu
706221,Hold,2025-10-14,12:56,echozulu
706260,Hold,2025-10-15,08:46,echozulu
706334,Hold,2025-10-16,11:26,echozulu
706392,Hold,2025-10-17,10:28,echozulu
706431,Hold,2025-10-18,15:41,echozulu
706434,Hold,2025-10-20,08:16,echozulu
706439,Hold,2025-10-20,08:56,echozulu
706464,Hold,2025-10-20,11:12,echozulu
706482,Hold,2025-10-20,12:51,echozulu
706498,Hold,2025-10-20,14:27,echozulu
706489,Hold,2025-10-20,13:22,echozulu
706501,Hold,2025-10-20,15:03,echozulu
706502,Hold,2025-10-20,15:03,echozulu
706525,Hold,2025-10-21,08:06,echozulu
706537,Hold,2025-10-21,09:18,echozulu
706540,Hold,2025-10-21,09:33,echozulu
706630,Hold,2025-10-22,10:52,echozulu
706662,Hold,2025-10-23,09:25,echozulu
706673,Hold,2025-10-23,11:16,echozulu
706671,Hold,2025-10-23,11:01,echozulu
706685,Hold,2025-10-23,12:47,echozulu
706688,Hold,2025-10-23,13:01,echozulu
706703,Hold,2025-10-23,14:39,echozulu
706706,Hold,2025-10-23,15:05,echozulu
706720,Hold,2025-10-23,17:48,echozulu
706749,Hold,2025-10-24,17:29,echozulu
706781,Hold,2025-10-27,09:52,echozulu
706823,Hold,2025-10-28,09:21,echozulu
706817,Hold,2025-10-28,08:44,echozulu
706831,Hold,2025-10-28,10:07,echozulu
706878,Hold,2025-10-28,15:54,echozulu
706902,Hold,2025-10-29,09:29,echozulu
706994,Hold,2025-10-30,13:29,echozulu
707006,Hold,2025-10-30,15:29,echozulu
707014,Hold,2025-10-30,17:46,echozulu
707015,Hold,2025-10-30,19:40,echozulu
707016,Hold,2025-10-30,19:40,echozulu
707039,Hold,2025-10-31,10:32,echozulu
707120,Hold,2025-11-03,11:36,echozulu
707166,Hold,2025-11-03,16:41,echozulu
707160,Hold,2025-11-03,15:53,echozulu
707189,Hold,2025-11-04,11:39,echozulu
707190,Hold,2025-11-04,11:53,echozulu
707236,Hold,2025-11-05,11:41,echozulu
707257,Hold,2025-11-05,15:08,echozulu
707276,Hold,2025-11-06,08:51,echozulu
707313,Hold,2025-11-06,13:49,echozulu
707349,Hold,2025-11-07,10:21,echozulu
